datetime,open,high,low,close,volume
2023-08-27,100.61626995880503,102.4501713206077,100.54023789817761,101.7316806374984,1021643
2023-08-28,99.16048940229544,99.73426939604893,97.93258394983147,99.58111889870865,903024
2023-08-29,99.88520749215532,101.045696238558,98.61145915490428,100.9813585208348,1121922
2023-08-30,99.61194351730566,101.60450774054038,99.29624262581854,100.52588217268801,1062052
2023-08-31,102.84428612258014,105.55073163834253,101.86499512393702,103.87794635872577,1123119
2023-09-01,103.17842856614234,105.82829574602839,101.37644622833092,103.98746749074107,1179805
2023-09-02,103.84913139297662,105.04524422715163,103.70520601729488,104.1123024235267,1088749
2023-09-03,106.5447235718696,108.57477865748331,104.7364635421995,107.28768628594335,820772
2023-09-04,100.59412144525619,101.78981613649842,100.561567806661,101.68817219512725,1192419
2023-09-05,105.0823427859177,106.84822877784329,103.84395823966798,106.4065587435806,1105568
2023-09-06,106.63774247298214,108.41916739164984,106.10991465181725,106.80092085734017,886795
2023-09-07,105.60034135377387,105.87686903038943,104.63829288012195,105.74758435910572,849442
2023-09-08,108.74085948424855,111.63786072299969,107.33827664251925,109.93673867207647,927270
2023-09-09,104.12763200607107,106.11486269098167,103.99327430016253,105.72024811483445,863110
2023-09-10,107.3462971246399,108.84020713592567,106.32138457385496,108.4484423211465,1056400
2023-09-11,107.98361154932829,110.33181401998748,106.95380562031326,109.92721726679115,807284
2023-09-12,108.61092326971968,109.2632337322219,107.44001238694247,109.24749398636601,1120511
2023-09-13,108.00964682570768,111.30040688578767,107.54608241116604,109.78801332111186,1062383
2023-09-14,109.85049206570623,111.56017265801029,108.85543851222032,111.05498017876613,1156264
2023-09-15,108.87200031486634,111.28703478908746,108.19956841442637,110.49912625912847,850843
2023-09-16,112.47002895635462,114.74769888565794,111.69188670198625,112.85354767313144,883855
2023-09-17,111.91648995330354,113.65332825261235,110.97355211270593,113.50083214736947,996416
2023-09-18,113.77996857130086,114.5243652887293,112.60754896821602,114.2955161975646,954393
2023-09-19,114.80879660459279,117.51476828462881,114.66949165519007,115.56998865344589,1089152
2023-09-20,110.89890058443446,113.81560844135555,110.65618555004554,112.21248863056283,1129583
2023-09-21,114.87943952626522,117.12129699382734,114.15564198384953,115.88897087386721,1191899
2023-09-22,117.07197983593353,118.33387979416034,115.93121929126733,117.46416927805977,1034862
2023-09-23,114.28313206071364,115.7561980032612,113.48476696935568,115.1417706440133,1104188
2023-09-24,113.28398519884763,117.01977146371027,111.65341582430507,115.0835028529245,807412
2023-09-25,110.46025019596122,112.93234661545512,109.22460279247142,112.44394276365402,811846
2023-09-26,116.05472114662128,119.99321306391556,114.45050080183117,118.0342089999581,1188545
2023-09-27,114.03135298931134,117.28669858044293,113.17468383984375,115.32862208207429,903056
2023-09-28,116.43359547967589,117.9393421607081,114.53025074794334,116.50186254524128,904698
2023-09-29,116.06780047293103,119.68495645633374,115.84990182367991,117.88009396285872,1142943
2023-09-30,121.22788829542941,124.22987985010442,119.736977016956,123.1507494991747,1102223
2023-10-01,119.93933411759674,120.76385130532225,118.12830491136754,119.95740476741857,1002802
2023-10-02,121.389358661203,123.89280537691573,120.46336860357022,123.07533171765195,991401
2023-10-03,119.48943765026195,122.20693670308333,117.8219404053641,120.21554971867963,1176007
2023-10-04,125.0756635994851,127.93312856701215,123.54911745428532,126.25367856737701,1048568
2023-10-05,125.51640543397399,127.50526469410964,124.02920266834498,126.526510732128,977722
2023-10-06,119.80191101875805,122.90579944953578,117.98636792233522,121.77726100199143,845722
2023-10-07,120.79072701469669,124.4314147025327,118.88666846841079,122.4617767546002,1165389
2023-10-08,123.99008580659569,125.96338687375632,123.51852252518498,125.82680046979624,1045161
2023-10-09,122.0763181668284,124.52932419665537,121.00678620120848,123.19581158719684,823790
2023-10-10,126.54820817413332,129.50626405370497,126.46282523652545,127.7110428687609,1105198
2023-10-11,122.82069579682833,123.65848146629205,121.97866854983157,122.82476021043814,1159558
2023-10-12,122.87341664640078,124.7332736598249,122.40858317696434,124.69896013911566,957850
2023-10-13,126.381871793949,126.5979293332944,124.92149932426182,126.49718601836554,923832
2023-10-14,125.5051380719317,126.46503442034943,123.8292171794555,125.77904283573368,1100087
2023-10-15,123.03670274460295,124.54613179717734,122.41481313942272,124.29928689917172,1097718
2023-10-16,124.49827820786518,127.21792253653133,123.91790177355095,125.94552338915246,940227
2023-10-17,125.6950001670819,128.8203007937124,124.37173278973813,127.01657746645816,1058891
2023-10-18,124.52189978582312,127.75299343379001,122.83321771060307,126.17922405624397,1028456
2023-10-19,126.9419240042076,128.8622599755904,125.64575609048009,127.03679484284802,1044520
2023-10-20,127.03510555019132,128.64343999034654,125.18016747298816,128.4016888980761,1174158
2023-10-21,129.1406413458687,130.77113890739133,128.1708182518633,130.17442270647084,1047985
2023-10-22,124.05386490421206,127.83004726751014,122.08123302378522,125.85760515036057,1042240
2023-10-23,126.26519930651541,126.8107270282759,125.55454262958769,126.55586947233893,1009739
2023-10-24,131.70001522700483,132.8762522761478,130.24820353672473,131.9800429314088,1188855
2023-10-25,123.58017528654779,126.86237398425138,122.9330719296024,125.16284195199599,984842
2023-10-26,131.19898195859116,133.26682601564377,130.1786574926153,132.22168136340397,1093535
2023-10-27,128.63575971767713,129.8582639095772,127.90180422332409,129.64475405978942,949829
2023-10-28,129.94311935114285,130.9709044830371,128.87722616379764,130.01487462676113,968699
2023-10-29,129.9711567700861,132.22227811860003,129.9312555211024,131.30950155127064,895099
2023-10-30,130.1018950569622,132.36550846328282,128.96052714224658,130.42021255221383,973769
2023-10-31,127.92835677308032,131.23443395074452,126.40007664001533,129.70303286860621,812848
2023-11-01,135.49797589646377,137.22645682593168,134.8241393266334,136.21244552071397,1101175
2023-11-02,133.82603673625547,135.18689049141685,133.5338401319643,134.83024879127237,929106
2023-11-03,131.76028623696945,133.15742382865741,130.37787314198016,132.01609787543316,952722
2023-11-04,132.99153074323377,135.16642348770955,132.78445721945948,133.30028078218285,929976
2023-11-05,134.9749896006829,136.91050367129557,134.94035145934882,136.8579820208088,949796
2023-11-06,133.7359364470137,135.9755799848414,131.9199064336596,134.87512876268175,841140
2023-11-07,136.14066536524976,137.56298828159387,135.93532946377127,137.37059506452192,929517
2023-11-08,130.98742601876475,132.1922328619844,129.01130312637954,131.7709897941926,1160486
2023-11-09,131.7247843724834,133.8974870238764,130.9767693878584,132.44494482927158,995352
2023-11-10,133.82002062874608,135.66204688956904,132.88567000869637,135.50387504023308,1072655
2023-11-11,132.24649796462162,134.72976789077035,130.29758582200415,133.93478269086953,1026393
2023-11-12,133.8077074712116,135.2278998908247,132.38859900093053,134.99601767454595,1189967
2023-11-13,132.4651439158815,133.31064875824097,131.0013461556464,133.253339698307,870313
2023-11-14,131.42452517311392,133.75525360485423,131.13044289940783,132.06612119519974,1176671
2023-11-15,131.79909052555848,134.83401075734798,131.57546190871284,133.646095147749,883616
2023-11-16,136.13705367070665,137.57458398594943,135.96048595013508,137.53163478262448,860528
2023-11-17,138.59536621940438,140.2243917536791,137.55066302568002,139.7151315582686,936337
2023-11-18,133.2687011692443,135.13111998520156,132.58844397913515,133.57021113386037,929013
2023-11-19,137.2171848346443,138.5634090407653,135.55253027538845,137.6890997472951,817876
2023-11-20,136.27661428082757,137.11342633852135,134.91721134727075,136.3458294239259,894759
2023-11-21,134.95071968051914,136.87119033225355,134.36461462553046,136.30610663949065,893561
2023-11-22,135.55142421524488,138.18779238827784,133.58899332122365,136.62314515763757,1126179
2023-11-23,137.19695766165364,138.88106212093928,136.1781258043377,138.73736542661993,824564
2023-11-24,135.77661795434634,136.36775281430656,135.20653931990958,135.95541091834426,1000696
2023-11-25,137.02257063487104,139.22905517326635,136.97313250478575,137.79279655554575,1107957
2023-11-26,139.02780118248717,141.00635929643244,138.3430527155894,139.65037400860098,1025895
2023-11-27,138.8057603850848,139.7218112300063,137.27174529063268,139.40109166321423,858061
2023-11-28,134.146370216729,135.80004964247655,132.4396721852414,135.30333514262293,1061878
2023-11-29,137.38739905623757,140.81871746374208,135.47921012740895,139.24162782452552,1048689
2023-11-30,134.90163861168529,137.04988191490136,133.1685322122997,136.2583725032636,959277
2023-12-01,138.33349898913553,140.86134820447768,136.95475221166402,139.64723827308202,1070224
2023-12-02,136.03467045261064,138.15811679117527,134.73771311264755,136.71280148055467,953718
2023-12-03,137.81959472590518,140.51376279425403,137.5899250323576,139.4721307843309,1120796
2023-12-04,139.33309986010826,142.1090614347482,137.4390121313365,140.69301623149164,1173691
2023-12-05,140.2184975110522,141.95791068207532,140.15428546110016,141.15563979259454,953995
2023-12-06,138.60020678494854,140.93743343284922,137.43882767321654,139.51417953098164,1137171
2023-12-07,137.5098377811952,140.40512011451898,136.30023438943851,138.67614708658192,910555
2023-12-08,134.98737065624124,136.76334118942333,134.37546857719457,136.43144736020696,1147111
2023-12-09,136.97464592055323,139.44317400139676,136.76879005540792,137.80949193413946,934612
2023-12-10,139.1414126204581,142.5057476595255,139.13559373264758,140.73545174329766,872183
2023-12-11,137.57833029495748,138.9039164470404,136.71917798621573,138.6741498877454,939007
2023-12-12,133.01481547763927,134.31626300336487,132.8198533706483,133.9981597984375,890818
2023-12-13,137.24701275263024,138.39166667401585,137.226720432491,137.7357109626914,855891
2023-12-14,136.97565018209752,138.7679189455375,136.51421572283675,137.792659262023,1027847
2023-12-15,139.02207866037787,139.362034432164,138.3761939952724,139.28489281502198,822213
2023-12-16,134.18878624326462,135.27250686764404,132.76078349803555,134.54880441268196,1148436
2023-12-17,138.5460586889397,141.46298015047475,137.56697780708444,140.3360177073298,853926
2023-12-18,134.64770998598308,137.20017822901517,134.46127844622134,135.90023151295497,848527
2023-12-19,137.2433596197554,138.92559420215804,135.76822117810474,137.57103236230333,1131839
2023-12-20,134.4267119258462,136.0459666777517,132.52919838311558,135.95721321562883,1047027
2023-12-21,138.64294554165454,141.79332768556804,137.68691825664678,140.13589952021263,1090100
2023-12-22,136.94034972704154,139.85746789601464,136.35262178384724,138.40993900783647,1095090
2023-12-23,136.8046595190952,137.40169703842358,134.89764436875535,137.2059306174033,1115075
2023-12-24,139.41044530260237,140.59270973702183,138.1362560987125,140.17081784809648,835968
2023-12-25,140.17759275132872,141.74816963466193,139.7703521703505,141.2788800358746,805456
2023-12-26,136.4070021039769,139.54209228605006,135.5271334380254,138.18405928699804,1044367
2023-12-27,136.61185786684192,139.4336967454358,136.27245724302114,137.63754391209517,801784
2023-12-28,135.33417825596894,135.74425268015298,133.37428507965663,135.47865806833323,1120622
2023-12-29,135.6121180064786,138.05192028902886,133.72900784633876,136.3300915856444,929285
2023-12-30,138.55782503645736,139.0129933720926,138.26489655269535,138.61654224397336,1041047
2023-12-31,138.4952045527161,141.4492397679496,137.73802035237767,139.61486135284594,800699
2024-01-01,136.56031282116265,138.27295457910475,135.7256207752709,136.78649810137452,968876
2024-01-02,136.29632091178874,138.9762785094428,134.3606205350818,137.18793322332053,1132678
2024-01-03,133.40282116214468,135.5157493929772,133.3656571127355,135.35753904205168,938352
2024-01-04,138.8860152454686,141.88562844450956,138.06388270797393,140.08121153268718,849319
2024-01-05,132.80636624563573,135.87499856847427,130.96507097603362,134.5086535418648,851203
2024-01-06,135.73093801687907,137.61328108094287,135.48109643370304,136.19039837017033,1155259
2024-01-07,136.49876863070082,138.95732053792824,136.15398151137066,137.46942612652526,1014423
2024-01-08,137.09926523493527,138.2778280234959,135.37121659882726,137.55129969912937,1088358
2024-01-09,136.51684318966971,139.9106713654141,134.8656846455098,138.06469283849594,1110509
2024-01-10,132.26918982036258,134.70861147179878,131.61924900292442,133.46790100793447,1137428
2024-01-11,130.43450266784268,133.61184036072476,130.15579849214535,132.29884931421714,911369
2024-01-12,134.21332126589803,136.4309169366729,133.80216477015566,135.24046645786422,1184968
2024-01-13,136.03999359134227,137.9676927574353,135.1887372043334,136.0720932467853,891429
2024-01-14,134.17915833584857,136.2767708370391,132.25638537753576,135.31584475457245,887295
2024-01-15,133.9695865916428,135.14083408894405,132.74090120950422,134.4082981524313,1108018
2024-01-16,134.82940737200477,135.9151167484016,133.40562067974713,135.69967202186598,1109188
2024-01-17,132.80043145816524,135.01617740717555,131.1729053493593,134.42360477860157,951110
2024-01-18,132.5026714845463,135.18947197995243,131.4389548186133,133.2639284261111,1085794
2024-01-19,131.11919513605824,133.8889830588006,130.66469235862195,132.8680907162327,1138593
2024-01-20,127.36327406810872,131.25254445475593,127.08377196304956,129.29532002202035,1155884
2024-01-21,131.33590845279588,134.47046044779285,130.96077600916865,132.769126435389,924033
2024-01-22,129.05306281990636,130.12183253478085,128.58773404381952,129.88655470071075,1053121
2024-01-23,130.6476725482986,132.22226926947326,128.84806298740168,131.19380152447576,903690
2024-01-24,133.72490368392135,135.7673553156885,133.48230279664168,135.02950356679162,836060
2024-01-25,130.13278986055488,132.73859129036748,129.7031593575196,131.4050146873797,1059665
2024-01-26,130.6414205066031,132.06202005775066,128.861324685067,131.9698502224565,1000418
2024-01-27,130.50230843344815,133.78360773594795,129.69046902296486,131.9176451245936,941078
2024-01-28,131.29491101228797,131.7995758389834,130.68085672647916,131.71479366734113,818339
2024-01-29,129.77410015566062,131.88319917006484,128.1248907491281,131.66634895808892,825252
2024-01-30,131.32696038216528,132.65475304006236,131.13805570600925,131.53921117256596,874468
2024-01-31,127.1016186966474,130.04578309326374,126.60774012891935,128.968952022155,956791
2024-02-01,126.48236764075978,128.87051568381466,125.78921912392428,128.32951217222976,1138874
2024-02-02,128.49381821862804,129.53053816318643,128.4409262909208,129.28655895830784,898469
2024-02-03,131.13192256004,132.82814660496211,130.5517066227253,131.52867624217276,953451
2024-02-04,130.9522474967274,132.1952129220338,130.13754321207037,131.0389440646863,869209
2024-02-05,123.0237073592007,126.30052375411447,121.23106305208977,124.87516585630993,1079485
2024-02-06,124.33252076034991,125.97285205399787,123.11745873095902,125.758838144778,932651
2024-02-07,125.28409217845272,129.08772064188878,124.96431859015267,127.15695457530815,835808
2024-02-08,126.20376593470273,128.19720158412278,126.12889300234545,127.71074643703466,1085370
2024-02-09,130.03657134044371,132.31889735036594,129.93123544104796,131.14071856425085,1148246
2024-02-10,131.3723621844271,132.0752449513501,129.44044760121017,131.8064289436486,1134360
2024-02-11,126.13407973627956,128.81053822233184,124.87813239016555,127.9658561872066,1116616
2024-02-12,128.035022189967,129.967053318763,127.76801219944312,129.0521400786689,906501
2024-02-13,129.7644970785143,130.71312005838686,128.0102180703946,129.77302509747437,869808
2024-02-14,125.94233854367096,127.90180594446923,124.24536723525397,127.25013920081854,1149277
2024-02-15,127.4359150020286,129.1495774778692,125.56132279923708,128.6133410766924,838753
2024-02-16,130.27379651296062,131.1668411884605,130.14463669440207,130.5672317903753,918256
2024-02-17,129.7131697324212,131.2730328339299,128.28340207799772,130.93023435768393,981532
2024-02-18,123.52879852981243,125.05147245422094,121.64257050920767,124.24491950310694,993886
2024-02-19,126.64432924470417,128.77075395989658,125.98492147930507,127.77613941926325,1153701
2024-02-20,125.5942888647287,127.23456175015427,124.79859247987649,126.00503087769711,1093380
2024-02-21,124.35315007700636,126.54574623175948,122.58356770579498,125.95884916455799,1037373
2024-02-22,124.82573603738167,127.9252207757301,122.85692097361424,126.80571801260747,925256
2024-02-23,125.1234573161125,126.34290652379998,125.09676939100191,126.215054331934,1148260
2024-02-24,126.0589580068003,128.12349034677132,125.99041654238546,127.56218187441515,909009
2024-02-25,129.7080590484968,130.7091357057197,128.05200220161493,130.29448395285422,1066681
2024-02-26,123.35396334059249,125.70448720010445,121.5765534628859,124.39658349890982,899203
2024-02-27,125.66253245501937,126.12486860032763,123.85446416591421,125.8870824374374,875850
2024-02-28,124.24089567186212,126.68776399945716,123.24565918180632,125.75665135698996,1133478
2024-02-29,128.2678824789597,130.61511319099745,126.86427233971833,128.68361608848133,1176142
2024-03-01,123.25746898063218,126.43875946274211,122.30334213056496,124.85644924997493,1177698
2024-03-02,121.29662970980687,124.0747678229102,121.01302580698493,122.55796440538123,1019546
2024-03-03,121.96161951473219,124.07131263049658,121.83538863869651,122.13719878066523,1002255
2024-03-04,125.82864189233192,127.04297586076041,124.23424775719783,126.28447831420777,871662
2024-03-05,124.84893204315355,126.38735857127455,124.42310550098387,125.73059077696904,1058421
2024-03-06,122.14670378361978,125.27832276084732,121.51024144803185,123.67454701203415,1009449
2024-03-07,125.94471540414753,126.81189918347675,124.69513288743994,126.25267564528299,1157750
2024-03-08,125.91791868233608,126.70117694385752,124.75401997576658,126.5755733847029,1182669
2024-03-09,126.81680058118701,127.62858969308533,125.246350617238,127.27035940891336,1112731
2024-03-10,124.55974841826757,125.98778258799403,124.31549447578311,124.70801424133987,918421
2024-03-11,123.20238500838647,126.02857495584362,122.50750960467813,125.14273855570714,1196086
2024-03-12,123.59998153420155,126.00369550700711,121.66259373516111,125.28575208358349,840918
2024-03-13,123.15381306869037,125.29207168626773,122.27634787190696,123.32397001337795,1028774
2024-03-14,124.4457027285538,126.72496376457163,124.08115972861526,125.5076127364427,847569
2024-03-15,121.25006629361694,124.31471578045118,119.93878850598621,123.08415177251726,911296
2024-03-16,120.74033234947791,122.48271916097775,120.67328396477275,121.80756505923036,942038
2024-03-17,124.31901195445106,126.18667519622521,122.63209364113536,125.1334598246533,1004042
2024-03-18,123.54061374970352,125.26590492569395,122.64968716844338,123.57650830542578,883614
2024-03-19,127.2577699615836,129.52459597113895,126.58042436696915,127.56956245956755,906797
2024-03-20,126.48577809935294,127.20434423361657,124.98488574479063,127.1312784108808,1095418
2024-03-21,123.37405901781607,125.36534306897079,122.76058219217109,125.26480394729698,803144
2024-03-22,125.21000672205743,126.91147437813395,125.13785886420072,125.80220473119142,1151410
2024-03-23,129.53375343591588,131.22618795501614,128.10799208168473,130.12188144469624,1005422
2024-03-24,125.59209783222224,128.22127243683138,124.49947293670313,127.28993011944823,944392
2024-03-25,124.47726340269418,127.0956005141744,123.29423925375522,125.76491737434027,1147732
2024-03-26,129.59191401731533,131.21175654306901,128.43658743313208,129.912816904454,1108574
2024-03-27,122.02822893236066,122.89261195894225,121.75451592555444,122.78067790428221,1154852
2024-03-28,121.57867870006541,121.8256149606335,119.81762496359535,121.78413860974958,985604
2024-03-29,120.27872398336086,123.12598147967628,120.07195603264508,121.74051859024551,1145039
2024-03-30,120.24779713121623,123.40182301793995,120.03524240551563,122.17620676433604,816047
2024-03-31,122.92991396915527,125.81366474336221,122.23666226746306,124.79956377258873,1086028
2024-04-01,124.79656717542609,127.61380523283191,122.88267568979533,126.1209661243403,1059113
2024-04-02,122.20556806185361,124.3537498247207,121.00968407134552,123.16969895442136,947885
2024-04-03,125.49391862807265,127.71228570338441,123.65576001364317,126.53508615155242,1165353
2024-04-04,125.06255832116592,127.49278648288455,124.94944120703444,126.94696728802317,895653
2024-04-05,121.66203547061608,123.09156837645956,120.38397338005817,122.82825446062647,1076943
2024-04-06,122.77539896297968,124.2794928631978,121.8932390555058,123.62233598002848,1030919
2024-04-07,123.01294630261785,125.42766640052801,121.59857405690023,124.8410933956859,958500
2024-04-08,126.032065362216,127.71303446528812,124.33004822271509,127.27366990241748,1004543
2024-04-09,125.42131254558906,128.32027144783683,123.52585288355374,126.46144425561516,885616
2024-04-10,126.14537660155183,128.08991754048057,124.88030666650954,128.08253169633912,887382
2024-04-11,125.29158947941755,128.2972679433083,123.94258109259957,127.17470139562171,1120046
2024-04-12,122.45144534684357,123.751470375074,122.29585493971435,123.66303863609092,808907
2024-04-13,128.39035884208403,130.96035900903712,127.71700084282199,129.3523344450003,968532
2024-04-14,126.43814813779142,126.52719144199907,125.3221155702873,126.49847503913989,1083240
2024-04-15,123.56859296136972,126.48120599494479,122.28358717274594,125.05381615659212,1188890
2024-04-16,123.43581813801728,125.99077510131161,121.91890829393753,124.32629289868268,856788
2024-04-17,123.20068716363548,125.76864243862086,121.73296524189048,125.14359145992536,1056625
2024-04-18,125.6346278159267,127.0151415217967,124.76982638841721,125.86937396785937,1056251
2024-04-19,127.71174173021234,130.48689075475227,125.94937992439536,129.3269439816998,1063541
2024-04-20,124.55999602047592,127.14608844940122,123.95123111158254,126.04859717993405,1147267
2024-04-21,126.51780076587349,130.23964374386748,125.26022285687024,128.35931857079473,951000
2024-04-22,130.16094638771776,131.1280253115297,128.68981301368876,130.32468411344465,1054368
2024-04-23,126.86872949522315,129.02997827367287,126.28630463338453,127.07157497980201,1027696
2024-04-24,125.65848687845418,128.7852381771359,124.1740707884281,127.36683381914744,1049666
2024-04-25,127.46705296972789,129.53676534348807,126.41803884542612,128.0128739874655,955392
2024-04-26,127.75122825511501,129.55888983339221,127.29660606164106,128.89775860896356,1035704
2024-04-27,125.24062468564972,128.7312368876126,124.06265214047552,127.0929894438567,1159370
2024-04-28,131.06753686426947,133.0627679341083,129.39094695530338,131.28667684573128,1086455
2024-04-29,126.84969389997595,128.57926093928097,126.74110135023182,127.21894565193422,1007571
2024-04-30,130.51419159077705,132.82837364836774,128.71706437026785,130.87526973669463,900560
2024-05-01,124.23965588035736,126.8356064586127,122.95507760627876,125.6480946045703,919790
2024-05-02,128.3257308307539,130.3823803848324,127.74363917763014,129.62253845497565,817275
2024-05-03,129.1355109608652,132.16609730731818,128.08949331398625,131.04110143081255,1119873
2024-05-04,127.45275940965178,129.43454763538384,126.26415783032931,129.06715388172216,1120258
2024-05-05,128.65912815368168,131.66374437242715,127.21280301599751,129.9699495021386,973693
2024-05-06,128.84264120830076,131.54342931583787,127.28194106511378,130.6306189422708,907513
2024-05-07,129.33967023446405,132.18207370781056,128.33892134276678,130.30189692455116,1038428
2024-05-08,129.79358634056484,131.74927121269673,129.68041803891728,131.38958831173775,977577
2024-05-09,132.1257533990758,134.77108617120493,131.59041321188067,133.1468185649642,986573
2024-05-10,131.65392539408504,134.56029409499493,130.27573861964018,133.07528942136028,1107355
2024-05-11,128.1218997501904,131.23220168483545,127.17893849022845,129.81196788243682,848023
2024-05-12,136.0110203268698,136.49498524898726,134.5679000975546,136.234379767511,902933
2024-05-13,129.11158507941883,132.07962526687305,127.54244530206364,130.38951584180649,1039080
2024-05-14,131.2327130016789,132.73316649637005,129.41118864400028,132.02542985928955,1127178
2024-05-15,135.93774418872454,138.20248239804,135.4655750653285,136.97901824781516,964916
2024-05-16,136.02137091806588,137.73247206408047,134.39516108705797,136.19717790125182,986051
2024-05-17,135.99817395720115,137.49959696855083,135.2354887080808,137.25885349716714,941530
2024-05-18,136.17633876682228,138.4979849276728,134.9515570601722,137.95013047537995,800478
2024-05-19,135.46543227077217,138.37578816626404,133.62372829750169,137.4282871819383,1132982
2024-05-20,134.56007167114058,136.9273344447545,133.15085809181738,135.45305110619603,995614
2024-05-21,137.2839455547958,138.19361261804897,136.8804130076785,137.73321528881158,1168509
2024-05-22,138.0450396870563,139.31906337057103,138.03497183234796,138.1384883592486,1015958
2024-05-23,135.6046392846298,137.23232329134905,134.1480655399445,136.79325187800055,1132928
2024-05-24,138.5792159183194,139.88952954271608,138.3997137343036,139.81293639630135,932600
2024-05-25,136.1615954179422,138.08076436028372,134.2338232577653,137.09577435502652,839409
2024-05-26,142.0245980906624,143.82102519072328,141.36422927306012,142.31918694302541,1125797
2024-05-27,141.59992491577026,143.05778621376993,140.05189001742627,142.20956967692922,1136420
2024-05-28,140.36555203112036,142.94852901921814,139.9424914633278,141.802179898889,976482
2024-05-29,139.01934210526878,141.71085446585113,138.9986025506392,140.8594391744771,1003277
2024-05-30,140.15229367032927,142.2310356239157,138.44769278364683,141.6466181556551,913457
2024-05-31,143.63500463828302,144.2053564611918,143.23002023092167,143.80520387323244,1112661
2024-06-01,142.98647019091368,145.47402223220166,141.90422136549327,143.61134850076817,821044
2024-06-02,140.82130241677262,142.68340341747546,138.9774172891858,142.11923820932563,1033918
2024-06-03,142.41330460557904,144.9025243568028,141.71436187452343,143.0061570855093,881563
2024-06-04,143.31852784626287,144.84214532077652,142.28677715181598,144.504269767265,993669
2024-06-05,143.4082849960316,144.1064969044978,143.18123671699112,143.68339782115595,899060
2024-06-06,148.46592774277903,150.44938064002966,148.32263269174513,148.7387369347336,895632
2024-06-07,143.6724624232275,145.1353134841264,141.75451089202613,143.89850399896298,947985
2024-06-08,143.94099458463222,145.04671338704503,143.8633434799702,143.97609506717973,1058202
2024-06-09,144.24437329536704,145.6052592571913,142.42709598264486,145.585838470163,1162243
2024-06-10,148.91766931717945,150.63229371596094,148.20497130009286,150.42746986421025,1191036
2024-06-11,147.1206230998834,148.43622776934015,146.48089677080898,148.31977959178587,1001816
2024-06-12,147.06310097814364,149.37372667731677,146.7849070184327,147.38977233781847,880904
2024-06-13,149.1229019778289,151.22081670972702,148.36234282981965,149.75561418600483,805732
2024-06-14,148.1771292572623,149.40132974340412,147.55528488126154,149.04709580565387,1038650
2024-06-15,150.89338279384285,152.6327113319499,149.91196594346806,150.97047779767692,1007530
2024-06-16,152.4394244039427,154.4193597937486,151.40409191956175,152.83611393937244,1193626
2024-06-17,152.32791030739375,152.92048778397836,151.5474195920723,152.63683524465682,1150621
2024-06-18,153.2316320844192,154.63742134520652,151.87537919901,153.64206755122743,963438
2024-06-19,154.49218411666013,156.2015230657596,153.25287548483442,155.7274574025618,940959
2024-06-20,153.51134110085343,154.82378041325347,151.92305172366648,154.18695950517252,964422
2024-06-21,149.94001063140678,152.68246139765327,148.76876170634202,151.83340831985444,1066337
2024-06-22,151.0601181242522,152.40052552404822,150.63894892089374,152.1511544464911,1116988
2024-06-23,156.8563169650685,157.61927860189053,156.67571852909848,157.04039380285616,953687
2024-06-24,149.93312807759293,153.89421502807878,148.20794749152992,151.91229131237128,999778
2024-06-25,151.73708506337672,155.11886558692893,150.35351414769573,153.32463704894104,862881
2024-06-26,155.26569537273204,157.76731472289748,154.63501382754026,156.24578158165184,1043388
2024-06-27,160.62521784742228,163.23257820074886,160.29915706786556,162.3069511800843,1190658
2024-06-28,154.99653881713735,158.51970397202723,154.65135939352433,156.867316594914,1174467
2024-06-29,155.4814816102211,157.23805294734433,155.38485875475354,156.98705593874186,1060069
2024-06-30,159.30296554363608,161.93594672644943,158.71616950319248,160.42576073792395,889653
2024-07-01,159.56601840407419,161.9007506740561,159.5184024407638,159.99858181509452,1140348
2024-07-02,159.5325294550433,160.98042085820146,158.6398903796858,160.54429847795524,1120375
2024-07-03,162.90151862628758,162.97114279480607,161.09542276901712,162.93655432138465,907411
2024-07-04,160.0594317054068,163.41014075452028,160.01749465356227,161.76337797522893,1138788
2024-07-05,160.1520453293267,163.28293235292438,158.62647085081497,161.94744017654875,1194193
2024-07-06,159.6962463664883,162.0898883467055,159.45120814559039,161.55935408671928,942342
2024-07-07,159.18260797919714,161.8710912640141,159.01911007491384,160.83459284172426,863378
2024-07-08,164.11435762518704,166.225090529953,163.83723604193818,164.42672103495357,849285
2024-07-09,167.0429060965613,168.1008063585626,166.8817205638755,167.62940703114,1107603
2024-07-10,161.67304926176425,163.78702107395387,160.8594950742665,163.48741847168694,918483
2024-07-11,167.25698309668508,169.18310150980338,166.1631893372546,167.56755419640945,848719
2024-07-12,166.57350794573597,167.9589933376559,165.41749485999182,166.91357231484713,914738
2024-07-13,164.3296272180849,167.1043299471339,162.98251515918525,165.35085078180072,1087064
2024-07-14,168.7494394959009,169.35249790010957,167.84017689831506,169.1484973363398,1139088
2024-07-15,166.1792216633108,168.93554560538348,165.51692853231356,167.2639851955743,1071305
2024-07-16,169.79250662992217,171.35025700358776,168.56703091857526,170.60872550034796,1095627
2024-07-17,168.97776844649977,170.86688336866922,168.4858755595889,170.41089247540287,903704
2024-07-18,166.50799639635977,167.2539009018426,165.2667854159074,166.650659234953,1077047
2024-07-19,170.73531577636064,172.87857095365658,169.0586529780264,171.135371093811,1112439
2024-07-20,168.64299721832387,170.73311821447163,168.16827526214414,169.90887272108253,930587
2024-07-21,170.6393793369036,171.59798558391032,168.87076937979654,171.40382010810882,1029303
2024-07-22,171.7395034183163,174.0271793565242,171.56972428174984,173.6529498763699,831248
2024-07-23,175.02208962703762,176.43860230991487,173.82909797332712,176.37211609977516,1033456
2024-07-24,173.25128232011554,174.92469483784473,171.74604150098207,173.61013923902772,985129
2024-07-25,175.11094695301577,177.72712370635463,174.25399043756786,176.37607903029362,1022915
2024-07-26,172.46586260450817,174.17412438457217,171.86109276772777,173.4594517171059,882042
2024-07-27,173.12672292302238,176.52189797045628,172.73200747489517,174.69120679426265,1159526
2024-07-28,174.22868672702674,176.48389130284986,173.43570757440094,175.40399869340607,990558
2024-07-29,172.34689296818325,175.96230093306883,171.6166886375148,174.1085466057681,905114
2024-07-30,177.39746910931956,178.7565956597354,177.29685507259944,178.38279452310218,930365
2024-07-31,174.89698782345505,176.8918302793018,173.27306406932152,176.70974203537966,1045325
2024-08-01,177.20870194390022,180.051073250975,176.42216195227508,178.5673489570792,813526
2024-08-02,181.59621474885816,182.50361231723014,180.51563214052328,182.28417328141916,803612
2024-08-03,176.018422383596,177.8431695780799,175.35267735133957,177.44044542769092,1026266
2024-08-04,176.6864070960798,178.97592084921263,175.83769075056,177.41360439795653,1095972
2024-08-05,179.69930219091552,181.8429386333347,179.48295216819594,180.00138145016254,806624
2024-08-06,178.3282611036008,180.94628872430297,177.85055974986582,180.14959513687523,1053202
2024-08-07,178.9586565320123,180.36147258735286,177.23670315092613,180.22851485182176,914125
2024-08-08,181.6973773947444,183.8650305035456,179.88437057533162,182.010749070915,1030828
2024-08-09,178.04959979716486,180.2599240179755,177.60547616596688,178.48473348881544,859971
2024-08-10,181.50990554717083,184.29873891116168,179.5833166871953,182.71737635339986,905243
2024-08-11,182.3431051047285,183.82711843092648,181.24642165737322,182.63055883354045,1106617
2024-08-12,185.04644952612387,186.5876851978966,184.0961810276077,185.1727464250955,917329
2024-08-13,180.68651949873615,184.41936511206782,180.62061605134144,182.68036448012379,962460
2024-08-14,184.58333188431922,186.13140109776032,184.57402612256536,185.72033511150715,1075371
2024-08-15,182.96615857340115,185.63387178353153,182.7416406425674,184.9374458265552,816099
2024-08-16,184.35809730949254,185.44039778830617,183.35999648758187,185.26417596373932,1151610
2024-08-17,187.98620922426485,188.72702392510615,186.8435036953907,188.55902751052975,1019659
2024-08-18,188.14988180107474,191.41196920924514,187.7169013972298,189.85912510332278,1061253
2024-08-19,188.72214271800817,189.6562548372184,187.2250115432109,189.61384779186454,825759
2024-08-20,184.43654205869265,187.86715353618933,182.4875450671226,186.03617846030144,959411
2024-08-21,186.2202261002605,187.43471067356776,186.20338062764262,186.87885733039894,821541
2024-08-22,185.66677643101838,186.91690388814436,184.31039765378762,186.6269423441331,960822
2024-08-23,184.6286656107244,185.24191229845306,183.4033447490775,184.99524887502736,987843
2024-08-24,187.23194269649125,187.46315871993932,185.38112760384763,187.2920600163621,1173483
2024-08-25,189.74469434334026,192.03511044277437,188.0503870381155,190.59836151948002,953082
2024-08-26,189.3135041698092,191.50872522234243,188.31584050492225,190.9417302850216,866272
2024-08-27,191.0323154495548,192.107654833476,190.6410251510405,191.31821259013364,1012921
2024-08-28,191.7443986777115,194.3389045224215,191.73205376943307,192.7253161312399,802617
2024-08-29,190.2603100124659,192.04711470313234,188.40443597660197,190.84154404307884,1173340
2024-08-30,189.07257538496384,189.98626537419347,187.91564060881825,189.69934216108751,1165705
2024-08-31,193.6705580149989,196.55061880545804,193.1025886335974,195.44062884595533,974483
2024-09-01,190.5326476585874,191.69076753480343,188.61617249268548,190.58365302142082,940451
2024-09-02,194.99461552773803,196.90874331598278,193.97748737169772,195.47562216003251,1195662
2024-09-03,190.46448467089152,193.6359959034629,189.44059790606522,191.89811648005775,812169
2024-09-04,191.01306954501504,194.33833780557222,190.99644322238404,192.42145867547035,1014315
2024-09-05,191.9605429538389,192.5041224363765,190.99013868318858,192.45238338062106,895336
2024-09-06,192.50256863918446,194.98471492161778,191.3236623130832,193.90740537263443,1003327
2024-09-07,192.35466808865948,193.14195154100432,191.60736505525279,192.82308445186626,877811
2024-09-08,193.1193641979969,195.2390620862434,192.3083573188843,194.9439693912486,1170689
2024-09-09,195.47362049632787,196.54969172855633,193.80394149506205,195.82186144574914,1151850
2024-09-10,191.8614787598831,193.70593099505095,190.18832142027435,193.68662172803164,916050
2024-09-11,198.37537804135445,199.75810129357703,197.263539618238,198.71041223203974,845208
2024-09-12,195.5564489611946,196.2475185310358,195.55136071934106,195.78070733327343,1122580
2024-09-13,194.30843942803978,195.7828474583345,193.18764584914365,194.86718453199146,912918
2024-09-14,197.64545366853295,199.5826613975808,195.8336415304653,199.43962567434573,932817
2024-09-15,196.30411859462515,198.55005246791268,196.01035010256146,196.56992579200465,875294
2024-09-16,197.0055776012364,199.7372511416362,196.27652147581028,198.65138143412491,1084052
2024-09-17,197.61453864480896,198.04507132809152,196.72190142123463,197.64077599875498,930732
2024-09-18,193.896906854463,195.4797116167721,191.95737008981115,195.14944325937427,867575
2024-09-19,197.13991716490415,197.76066739829565,195.7047985661164,197.6383598187185,895184
2024-09-20,196.2177103711595,199.8981184451383,196.1428616649896,198.15766435596532,1131086
2024-09-21,195.53697021735212,197.0758340648339,194.14402845795806,196.89811634150252,1027666
2024-09-22,195.99761060319634,199.18196848511934,194.4895980221561,197.88146342083468,865507
2024-09-23,199.01786055239202,200.29916554222703,197.56102158596954,199.62573413862944,989559
2024-09-24,199.69695262074626,202.58102570438857,198.7426373848638,201.1434780441414,891256
2024-09-25,202.4121236236726,204.21966655936018,202.22413090946463,202.87281048147386,943450
2024-09-26,196.41276852376276,197.85788732203952,195.15253328266718,196.6606722561122,1035713
2024-09-27,197.87800280409692,199.3606082674293,196.76914386437863,199.1024084256049,877631
2024-09-28,199.50867025237147,200.96576644646666,198.37185124095808,200.77382522945908,958071
2024-09-29,200.2166248748242,203.86116267067985,198.63422797470332,201.8788318393209,1019249
2024-09-30,197.25060180766926,198.7468435070432,196.55548103065684,198.72532355545965,1195657
2024-10-01,196.3672682748227,198.2439683375963,195.5591112556625,197.2908199218759,1100744
2024-10-02,198.55076147087075,199.69186069228843,197.43650946402198,199.49328328447848,1115012
2024-10-03,197.82610674555866,199.59531533361064,196.1330984296135,198.89083435613898,1026074
2024-10-04,196.59515366038505,198.08082931882726,194.6215041568688,197.19521792013265,845502
2024-10-05,197.48629749740982,199.1004435890662,195.97103421199176,197.9396611403199,974131
2024-10-06,199.2087227145042,201.90596708419793,197.58068160020116,201.18449860824654,1089717
2024-10-07,198.03124698075192,201.09245788355162,196.45393876290228,199.8155455584397,1110867
2024-10-08,199.81567663816057,203.098262181755,198.0424904897643,201.6920416048403,833474
2024-10-09,194.81563146625274,196.85448474103674,194.37801314462834,195.18652889302777,887215
2024-10-10,197.76787144878614,201.49147095535832,197.20904964210783,199.50615379300797,901073
2024-10-11,199.8015512244243,203.7216974094175,198.04284597684403,201.7625014680584,869253
2024-10-12,198.41506884273173,200.0171031474043,198.18958274583827,199.02298175032476,939453
2024-10-13,200.0926556483931,201.24274623854987,200.02393869100695,200.7759593395939,800195
2024-10-14,197.74652743649762,199.97965461166314,196.01728612741977,199.21846621826018,1047355
2024-10-15,200.65254682490774,201.8869400709039,199.32204378654174,201.7611882146168,1085260
2024-10-16,198.30664398153593,200.1245218261674,197.4213272863934,199.75384768557473,1024647
2024-10-17,199.80502876143703,201.91339502589602,198.12640396257166,201.747694070686,1140104
2024-10-18,201.91189605335282,204.27330177453706,201.65484150977494,203.18413416494096,1075952
2024-10-19,202.27764150126325,204.3988407449276,201.3509052182373,203.9819584564725,980468
2024-10-20,196.2927800521617,198.556220286879,195.13237858086438,197.96704674848442,1125445
2024-10-21,200.84915480811685,201.54308529580604,199.22366696555406,200.85154555138678,807827
2024-10-22,201.79614081001066,203.0274639595646,201.40898255854154,202.21209012066026,869697
2024-10-23,201.64846398693354,202.87715022413408,200.0160426198779,201.9276286159552,1016076
2024-10-24,202.01304273933908,203.41226685835795,201.58737078197444,202.10717653380556,886975
2024-10-25,199.74659070952308,202.24255582144747,198.06351420546522,200.3552271990796,943252
2024-10-26,197.92580551585522,200.05322334263724,196.63575419461074,199.6013832652439,927643
2024-10-27,196.82748671643293,198.8650374806639,195.36996504850796,198.61864229363184,1069675
2024-10-28,197.35893438613104,198.46690024712248,195.7636220821874,198.1630370689455,870519
2024-10-29,200.99062866337306,203.90587789822135,200.61399989040495,202.60563516806945,1126300
2024-10-30,198.8956682793722,201.85522662044255,197.67384990940948,200.0144728438982,1094977
2024-10-31,200.89277618043116,202.63429576515725,200.19942215137905,201.70646411738585,1051903
2024-11-01,199.59065788865885,201.7996053568606,198.0142769480724,200.75543205441835,1178989
2024-11-02,201.55248683636773,204.35302673308155,199.6296552556836,202.58451309573658,1081991
2024-11-03,200.7084966284955,201.2636715158524,199.6452864656105,201.11811625865084,1045855
2024-11-04,197.73922230971962,199.90027737145513,196.92093886753472,199.0735334642315,878953
2024-11-05,197.42527273400316,200.43100617314622,195.6259686538504,198.70872209286375,1112897
2024-11-06,198.9578938158778,201.71162032792293,198.95254417529574,200.8025551122905,974055
2024-11-07,199.96095607883873,201.79564193168065,198.95263074341665,200.32170114063126,1194106
2024-11-08,196.2927141524619,198.1020046386354,194.62747809575183,197.45689744259425,997644
2024-11-09,198.09528064371167,201.55341154514332,197.44587730795874,199.62154703420467,939819
2024-11-10,194.10371133950514,197.56419479981378,192.88751331640202,195.86398130035494,944596
2024-11-11,203.0769936035357,203.42859643615495,202.96861299157098,203.18365044205913,966182
2024-11-12,195.55489914438087,198.60012658331962,194.45121704387907,197.32015996292353,875914
2024-11-13,197.34120905759244,200.17330546849558,195.51593896824505,198.20637608921783,828375
2024-11-14,199.30603810750836,202.0299425984339,199.0816338718779,201.19110478085403,985777
2024-11-15,197.75172173751406,200.02625056440777,195.93308009794526,199.29029181911142,1090706
2024-11-16,200.88247839306197,202.65479018729678,199.10807566675638,201.15867850082765,1187528
2024-11-17,194.30693703226052,196.76174292147286,193.4085214814071,195.16158670627703,911835
2024-11-18,197.6624629655871,198.95689643400888,197.21048622900926,198.4182445264025,857384
2024-11-19,199.9822381741846,201.91732402450953,199.5182571794927,200.00361134179045,928630
2024-11-20,198.6299188113875,199.97529315702286,198.04198599005593,199.8536118522646,862678
2024-11-21,193.51778119015276,195.66304255249676,192.84127673144113,194.40336004865478,1160692
2024-11-22,199.2139370732245,200.88959212241895,198.8826176811959,199.798565398414,1026723
2024-11-23,195.63996264304077,197.84912472893993,194.49469464627973,196.36836712362629,1040825
2024-11-24,198.44158674348088,201.59002231719674,197.1850043855866,200.24184701232147,944972
2024-11-25,195.2277262574418,196.8676814777795,194.41274680291437,196.67791355958795,934016
2024-11-26,194.6242548089524,196.21879902538205,192.88989830137092,195.96308360629845,898670
2024-11-27,195.26025610752382,196.85459033595558,194.51213206041797,195.77766517696796,893651
2024-11-28,196.64045404064092,198.6132952722022,194.74888863074148,197.72875196292912,818050
2024-11-29,193.71392632026826,195.42581001575107,192.28530142823448,194.9202891197425,940752
2024-11-30,197.25709122443237,198.70109407675403,196.50819243152824,198.32254033701574,852175
2024-12-01,194.97011720197222,197.62933038913062,194.61197246067638,195.83622388386627,812049
2024-12-02,190.41038590803515,192.1511848198065,189.9955354538279,190.44512741713604,1040713
2024-12-03,193.32697432342832,195.5516479514089,192.7904175374668,193.81811490609667,1153916
2024-12-04,193.22614633875813,194.9187257681641,192.1554417054194,194.12256875669115,999333
2024-12-05,194.7230171934298,195.97303621491264,194.56719453553185,195.87814891469606,1151419
2024-12-06,194.63893302834265,197.3162682852449,193.80946622021023,196.40191332575836,842147
2024-12-07,198.4670669345539,200.42949622851347,196.502833892869,198.74418434419246,1127532
2024-12-08,195.54435459231146,197.51676017815794,194.73917314630117,196.2300199225773,1131497
2024-12-09,192.35579713064857,194.61734363759066,191.50589474551455,194.2889279869216,1134296
2024-12-10,192.65891039515665,195.23334301751166,192.54323306967476,194.5751747599796,957892
2024-12-11,194.04462400443302,196.24889981351996,193.96650571444243,195.1366095882416,1039423
2024-12-12,193.04177845334945,194.6448593430853,192.12104359874002,193.06757413793517,866230
2024-12-13,187.99816375002345,191.30812545695,186.93442655336617,189.72586857593282,1103266
2024-12-14,192.57584158804212,195.37216452480266,190.62408729557032,193.41079476903448,964735
2024-12-15,197.82855652177628,199.73838930082476,197.8036950698971,198.32554901900136,1153877
2024-12-16,193.0791498233043,195.64255315775702,191.5023642901128,194.64911426804025,878567
2024-12-17,190.5045395187787,192.5711442978724,189.5149559485406,191.6842419484455,869005
2024-12-18,189.80459231079178,191.84488297933487,188.29668029897832,190.29910878038947,917932
2024-12-19,191.36566699805886,192.72731613383436,190.1060074265048,191.39989174036037,1084332
2024-12-20,190.80093879714914,192.71580049254655,190.714203120511,192.50585471031883,1188101
2024-12-21,190.60736412734866,191.63551207534115,189.97794593241392,191.1789775808014,1084841
2024-12-22,193.27631007295867,196.60549603176148,192.9117810029045,194.91832167378155,845539
2024-12-23,188.78958101662934,191.1676603599245,187.0829985122605,190.1468061534742,1164579
2024-12-24,192.98505254756927,194.9922899429303,191.3620121161788,193.42915725072453,954937
2024-12-25,189.28060298967634,191.49092951656465,188.46234699661375,189.82194670217888,1142905
2024-12-26,190.92477696846387,193.82311062193972,190.7326669007335,191.96485759298437,1169901
2024-12-27,191.17824403366325,192.77891722471222,191.03960267688092,191.65346779448282,1014280
2024-12-28,188.68834311780955,190.32515297991137,188.2628564626019,189.94924777196428,1079455
2024-12-29,187.65887428942472,190.2238868861014,187.21963691098242,189.57411918733712,889521
2024-12-30,185.74154958834092,187.5843709696072,184.02014534100448,187.3705401387137,1024002
2024-12-31,191.26175054030918,194.8782661248414,190.0853894220868,193.22305992321824,953544
2025-01-01,191.31574394269845,192.36752641103928,191.3130940579273,192.0554064461698,939805
2025-01-02,189.85079140628588,190.34018649705393,188.10502572455317,190.2272097412744,1090408
2025-01-03,184.68475968056404,187.28772701237153,184.4130735698099,186.60894903625896,1141297
2025-01-04,188.83995802684467,190.33990830555447,187.1335139254712,189.12024123768126,947026
2025-01-05,188.85520367272574,191.95440129856496,187.72357754120083,189.9705754728176,867859
2025-01-06,184.4521225811354,186.55851828280834,183.5384034239558,186.25474021842564,892449
2025-01-07,186.2036484303294,188.69117106420953,184.89726826360928,187.5627818084572,989768
2025-01-08,189.04144129041833,190.0581351783246,188.04106726389287,189.43313992255523,881936
2025-01-09,184.21462539264314,187.48741171646077,182.73536470000442,185.8511387033007,836588
2025-01-10,189.86021115074473,192.68113218085836,188.71498918713658,191.30298601164765,1106535
2025-01-11,184.43077904649235,186.59837669182835,183.67199550687957,185.75668350349693,1003858
2025-01-12,188.1673839217018,189.33602411744823,186.82028513840473,188.6693172776697,990333
2025-01-13,187.59103980120148,189.64953250294934,187.29551160956342,188.75791409685317,1180815
2025-01-14,187.13332891335332,189.42921723855633,186.14673976512933,188.7021707272546,1169252
2025-01-15,187.67020590526013,189.2872996982343,187.22345223174375,189.11055392489757,1050741
2025-01-16,184.69596552401066,187.10084528095553,184.25353190998598,185.45316261405455,922846
2025-01-17,190.42241844215175,192.45691630251414,189.74721749130674,191.51580545681782,1011481
2025-01-18,189.1549473368116,191.67979788019264,188.9483601933443,190.356218198277,837478
2025-01-19,188.3789249704935,189.08473270994565,187.65717804989038,189.08202861204438,871501
2025-01-20,185.97099717240266,186.80171358747768,184.85554377337021,186.35682957497082,1145996
2025-01-21,186.78889690068453,189.04772477720212,185.79152249206805,187.31279606960433,989361
2025-01-22,185.7567469679161,186.74966675634568,185.71410884114053,186.32559626974995,977902
2025-01-23,186.37561026290246,189.90127695741384,186.04492491152644,188.32281887979286,1077429
2025-01-24,186.05469704711638,186.13113302267246,184.4687360071965,186.11100455302892,1132272
2025-01-25,185.81978052429972,188.74941218311284,184.79513117855637,186.90184777574444,1119102
2025-01-26,185.7560772622792,186.64817904088875,185.43821935386072,186.250376234503,845075
2025-01-27,184.37846750514123,185.56426643184636,183.95297362306133,184.4525012679685,1104471
2025-01-28,186.326480691037,187.98738885481913,184.69236117234195,186.81271632905666,1101892
2025-01-29,186.76892321334458,187.9916046414916,185.75307181531616,187.1060982247533,1164695
2025-01-30,184.48351110676117,186.30585542719425,183.63289702454932,185.23423889280136,867773
2025-01-31,186.15847747452526,187.1313803668987,185.22710420234088,186.9184311784159,954921
2025-02-01,188.06111404062267,190.6751720010652,186.68672661905666,188.75415711229476,1161218
2025-02-02,184.85559629330052,186.56227551848383,183.22952194749607,185.88551421018028,926247
2025-02-03,189.10299953611585,191.0101556630169,187.8640422237627,190.15501592314783,1030993
2025-02-04,186.17037526866469,187.49704933679678,184.45706857122872,186.95509114960555,936484
2025-02-05,188.85479012049367,190.48453818120987,187.52293666739513,189.041681356188,912290
2025-02-06,183.7039801755843,186.16818920420766,183.63248589829595,185.43860590236122,1104213
2025-02-07,182.54607025037387,184.11694658211965,180.79851290951999,184.11423806318007,1195213
2025-02-08,185.98379215390355,187.79554811855326,184.39084572150352,187.600008382192,1085536
2025-02-09,191.23545132189352,194.42550424405056,190.40309110182938,192.56285257339513,1152771
2025-02-10,186.4723476107265,187.739247449413,185.94886530564656,186.77140941769377,1162351
2025-02-11,184.8838201368864,186.82517450968686,183.51370329153494,186.03030566348568,901016
2025-02-12,186.62557921268382,188.34628859765718,184.88830266925177,187.29187331042186,911869
2025-02-13,188.35567146870594,189.98858264629135,186.39454477894841,188.39029684431546,929234
2025-02-14,184.28255571072054,185.82270563049806,183.51218907252007,185.310474168052,1179663
2025-02-15,185.17102789956294,188.6862383300828,184.5371063325139,186.73011879624624,847610
2025-02-16,188.9319064095642,191.39242279184873,187.1075247884603,190.13457273257936,1102550
2025-02-17,189.43436823660068,192.79218818854469,188.81012741021186,190.88408756512953,1138679
2025-02-18,189.1814231962887,189.88500301955807,187.9467084587941,189.52273420006873,1057257
2025-02-19,186.40578185143536,189.1087312151981,185.81912355761466,187.31039561166563,1109559
2025-02-20,186.43783353008143,189.85606803279538,184.47255299816382,187.9334603951024,1121525
2025-02-21,188.26053421830457,190.75247780131852,186.71839415356825,188.8252729088212,857157
2025-02-22,190.25424775114723,191.98003150749585,190.07702621035486,190.33075680906748,1058752
2025-02-23,184.31897486340762,186.62883228864894,183.4442344475841,186.0171042847938,969516
2025-02-24,188.19084597473585,188.35336284870172,187.00177367812947,188.21684577562087,1176080
2025-02-25,189.8082200035224,192.7427133487404,188.8098308592205,191.43807769093988,843377
2025-02-26,192.64924116478835,195.63484937193766,191.84912030033593,193.78398865574053,931631
2025-02-27,188.67374728356245,190.6353233170332,188.6179404234749,188.98246207660245,859376
2025-02-28,193.32395851771048,195.29662691661332,192.67645425034516,193.98429976959642,809466
2025-03-01,191.17242309538224,193.1033075496582,190.0465999844151,192.7003836454838,932820
2025-03-02,191.79662261767885,193.2182795672645,191.2422990195849,192.74481842658687,1133417
2025-03-03,192.81845273162892,195.73826090445456,192.1060790017711,194.24470763638874,1186032
2025-03-04,189.7821199821024,190.60894430735632,189.60280253411875,190.12556526363508,808982
2025-03-05,191.5911275033998,193.20460983223558,191.545578916073,192.3405929461015,1024488
2025-03-06,191.96652721252877,193.54234336811777,190.58506014262167,192.5456419830217,1162590
2025-03-07,195.3829125828274,196.54528577616034,193.67831758662314,195.3863263360051,889950
2025-03-08,188.94060235841096,191.16079245219734,188.49956699164747,190.05567456968828,1104700
2025-03-09,190.87147274646756,192.97595788756027,189.05736522947092,192.32511322183558,1140355
2025-03-10,188.14960950673233,190.29582706448716,186.49236371601572,189.33930132009795,820284
2025-03-11,192.81181367695353,193.55233349352054,191.27039438937993,192.89782666150975,1159437
2025-03-12,193.65004316078122,194.20720246249817,192.78510580343246,193.82410793256702,1079519
2025-03-13,194.0182504412255,195.6552231084633,193.03705900333392,194.5452898652519,998724
2025-03-14,189.84225078322308,192.9860009195435,188.99512354467853,191.62616167190984,855758
2025-03-15,195.52065165047233,197.9849723260497,194.1958115899493,196.42609100295252,1168851
2025-03-16,193.49749721761646,194.3660190123305,191.81016473570153,193.59555009175668,990902
2025-03-17,195.41563556492008,196.71547546495464,194.34421642012506,195.8114430224071,1163454
2025-03-18,195.84870644330508,196.5073703877602,195.17930518868957,196.26341448981728,869863
2025-03-19,193.35592958811444,195.82525610194165,192.0472991741122,194.48746443852403,1036719
2025-03-20,195.4153472985158,198.1203523611921,194.64464479992407,196.84524999417812,1101339
2025-03-21,196.31270302412406,197.82783799570763,195.08390446247697,197.36973171166247,1039219
2025-03-22,197.90242935228028,199.01345670383608,196.01652733250398,198.0298051007915,1171996
2025-03-23,197.77614348692848,199.07615643258205,196.17986017147854,198.57139828507545,1095107
2025-03-24,194.53059421900588,197.99021520671343,193.3769566620173,196.0192037866112,1056708
2025-03-25,196.7270385606966,198.4033461717477,195.73619390886319,197.97124914363496,982268
2025-03-26,197.32673741123645,200.9207713196508,196.14744380009896,198.94582852762446,924267
2025-03-27,195.43101666487308,196.828445608588,193.88304566763682,196.00915029316755,873200
2025-03-28,196.6890476428037,198.48783265005264,195.30670245057348,197.59737218976105,1170609
2025-03-29,201.7156339601438,203.924973677877,200.95513318613018,203.26635423198027,1197698
2025-03-30,200.14127788665982,202.52359945782388,198.60673582759992,201.2717423309872,1107894
2025-03-31,196.20888416473025,197.93830815813666,195.4571030813488,196.35967528808558,855265
2025-04-01,201.39977478333626,202.53005523838277,200.19025885658985,201.85741430426475,1137414
2025-04-02,199.20877662416044,201.9786178188776,197.43284250865847,199.98569510280566,1053522
2025-04-03,201.0996038804395,202.57086756050836,200.59794251914926,201.21163069738333,1120658
2025-04-04,198.26947301839192,199.98282728313174,196.33285485615494,199.8282130847323,984563
2025-04-05,201.07756916695635,203.86552877863357,200.91799856765635,202.38970800089132,851366
2025-04-06,201.5751691407622,204.14445012491785,200.34247365742152,202.92536291844402,801413
2025-04-07,209.71969576482002,210.10557198826427,209.38064748707043,209.92875550096014,1119609
2025-04-08,204.67787040026954,208.0725151260657,204.13462772175944,206.3715291672305,1112852
2025-04-09,200.49344160863035,202.2759753547283,199.55339428039605,201.28395472593067,981415
2025-04-10,203.87820997293704,206.53675327753234,203.7797984832081,204.9235529764303,1107296
2025-04-11,209.85250334870273,210.5430256663552,208.67292125311485,210.42369193956364,893009
2025-04-12,203.94046962953982,206.11532146391798,202.22005608116478,205.39216317187245,967054
2025-04-13,203.58157016774257,206.512357391241,201.6805650561216,205.3529041276977,970483
2025-04-14,205.21070383197113,208.334044112425,204.81836013141455,206.53774806883058,809236
2025-04-15,207.0544995302795,208.643150852279,206.121581511255,208.24134996158534,997492
2025-04-16,207.20955134258247,208.75213424309266,206.03640463015924,208.27231967298567,811357
2025-04-17,206.7723759171551,209.10517815399265,205.12584567490293,207.64169853974798,875695
2025-04-18,208.33929658033554,209.4678879062835,207.2611569440156,209.25136909660552,1043694
2025-04-19,205.70922646912518,206.4007837971124,204.56220269156637,206.09133046169768,1027561
2025-04-20,209.27666384307784,211.66412767522127,208.05413353720016,210.4292622353706,952599
2025-04-21,212.86452139618152,213.61995637256356,212.12217952442913,213.16631175854656,1106195
2025-04-22,207.70070391705886,209.77625320270448,207.1839596250491,209.61943179561464,818803
2025-04-23,205.2009578411826,208.69758632960554,203.80647417250154,207.04547465917116,842127
2025-04-24,210.92159908572168,212.8118359732376,210.06076468569827,211.49571905817885,1096686
2025-04-25,211.4292580786408,214.46747758567847,210.03621351594268,212.98523556868602,1050409
2025-04-26,210.2750607869679,212.37346061696837,209.52878666701122,210.9755937789258,826635
2025-04-27,215.65077200701603,216.71574371934224,215.52595793410856,216.27485297593287,973111
2025-04-28,217.17254148850546,218.7708348919223,216.62183331662638,217.85958387835788,1131363
2025-04-29,218.26039739556273,219.61270865945696,218.0652883698315,218.874014216878,895855
2025-04-30,218.43418811741446,219.70777123087845,217.1842149853878,219.02514181011495,816159
2025-05-01,217.10016841101378,218.1120764859989,215.92551396918884,217.58991607885673,1121973
2025-05-02,214.23221305323605,216.9331895977007,212.7252549777035,215.23669468430177,1192757
2025-05-03,213.6011848864437,215.7747063194727,211.72085048330692,215.15133590290603,1080174
2025-05-04,217.66525677129522,219.93903573134222,217.07635824020107,219.06502963272146,908550
2025-05-05,217.63356944759968,218.91050292034151,217.34980497224234,218.19734057708487,1149782
2025-05-06,219.52057086795404,221.95672139530052,218.11012008853265,220.1118727944309,1136161
2025-05-07,221.06412556341533,223.07231941036198,220.72920194878367,221.92797914435337,989526
2025-05-08,217.17880421224106,220.30175444978437,216.99414143669847,218.84783251851505,873036
2025-05-09,220.60736532657432,223.8202173676112,219.39838936020914,222.27819814162612,1068757
2025-05-10,222.20060194815395,223.6120501792195,222.13750760953295,223.03521304120608,1149158
2025-05-11,221.8365624894131,223.85979113890986,220.04049129506743,223.0986811589034,977683
2025-05-12,219.88957199977511,221.06017468879136,219.1971054473937,220.18935929680282,1035527
2025-05-13,220.38641801883736,223.68649872856653,220.3721906171249,222.14508168380965,1073847
2025-05-14,221.59628047409225,223.5547034084745,220.6701821740413,223.29187138817892,810813
2025-05-15,223.65391440623267,226.3442369716901,222.59338924408272,225.09658278009917,823364
2025-05-16,222.40493140256547,224.886591138271,220.6069260966242,223.30377454445065,1097424
2025-05-17,223.8671136753204,226.19022091981594,223.04999191058832,225.31319710305638,901839
2025-05-18,221.7966818198193,224.85896692714041,219.84248871073305,223.39534231459737,800552
2025-05-19,228.11382790347358,230.08288278436723,226.84923489075,229.1421303817308,921280
2025-05-20,227.81419287277075,229.86747461226093,227.28606049434256,229.29654130087022,1169684
2025-05-21,226.41355603563022,228.09607603379695,225.1486849209348,228.061524813317,937235
2025-05-22,227.71073367374922,230.04523006871815,227.2285383404338,228.47465689925173,862405
2025-05-23,231.08833245105214,233.4336685297802,230.08936698558657,232.0414554666955,1026621
2025-05-24,229.66050702829065,231.11809262222638,228.30097413135078,229.66933192300732,976746
2025-05-25,233.76630270397644,235.04450374645046,232.35025642707444,234.63381572611235,1077100
2025-05-26,229.27572017335936,231.84513922071747,228.71557635989032,230.7205656132377,1043266
2025-05-27,231.1844355359157,231.70953525153655,230.82161454977657,231.5394568698541,986238
2025-05-28,234.4461700282373,237.29336531831655,232.7004487588329,235.37795097761543,1146610
2025-05-29,230.88590241533498,233.2219040861468,230.42104842404018,232.75156632807312,1196138
2025-05-30,231.95924654899238,233.9771599108982,230.40952833667015,233.9380928288931,963495
2025-05-31,231.50684789383155,233.59727040785327,230.94186798479737,233.10301565368852,972174
2025-06-01,232.80384945364304,234.84653110580342,232.57945010984918,234.3998647277454,1047755
2025-06-02,236.0771071405784,237.50534698058,235.71291609408567,236.3387058912229,1067545
2025-06-03,231.6979548975792,235.43126571672371,230.58463282342385,233.46759779987647,1080150
2025-06-04,233.09578701051743,234.55261920732798,233.04862381541898,233.90431587937402,807187
2025-06-05,236.77905084536448,239.1133565604072,235.0674150157878,237.86776297338844,878062
2025-06-06,238.65426669165694,240.40871282277342,238.2525514782012,239.13332577569827,1012765
2025-06-07,239.19690443684746,240.05861061747217,237.7381177306488,239.20394765468427,1018935
2025-06-08,234.80968990913038,238.30829628185998,233.7736851588338,236.70754832837753,929685
2025-06-09,240.21494810228103,242.8865205293509,239.96395466992936,240.96355057420462,950833
2025-06-10,242.51496457503544,244.57952941543584,241.12997282164326,243.4746668217062,978040
2025-06-11,237.78486676672037,241.12060749479534,236.05134598592417,239.34619099240632,830368
2025-06-12,239.21466566288927,240.99138614652412,237.55074592359477,240.68116852161452,857596
2025-06-13,241.9070497374001,242.9194852362177,241.101429674867,242.50780869179985,962898
2025-06-14,241.6635387924766,244.19114528865833,240.28656720420318,243.44155377660047,877386
2025-06-15,240.58604303181446,243.2082988926935,240.00371458771886,241.48345479344397,921647
2025-06-16,241.01686210575951,241.4856211619115,239.3535953013092,241.02037506794457,808148
2025-06-17,242.84437394902005,245.28596784692778,241.04886722102262,244.83102035397118,834878
2025-06-18,242.4091649550158,244.78515496605576,242.10152925715306,243.76236884697417,1123718
2025-06-19,240.7914783172928,242.80894252030384,239.65711362243502,242.69749094717534,883009
2025-06-20,242.59853524783537,244.6462391638689,241.6779538911587,243.03626917416682,1011584
2025-06-21,243.67209932357318,247.195503480776,242.2916920242147,245.3296349626014,900730
2025-06-22,245.9666222267089,248.01734464399817,245.6456405058169,247.30698634827684,911648
2025-06-23,248.19072115991858,250.65507477557088,247.06035091430337,249.41012926629426,1039453
2025-06-24,245.9420372871526,248.473786191849,244.7655717126305,246.7150617484528,1194058
2025-06-25,246.17687283568847,249.1222327684788,245.61352848550274,247.73534559061332,806515
2025-06-26,249.93000191806868,250.73889043092834,249.07549418670914,250.0679616015629,830540
2025-06-27,246.82938015678354,249.62913796146444,246.75165803454905,248.44293561977094,944332
2025-06-28,247.82166981355627,248.5096642194521,247.6596065302405,248.0062132261621,837128
2025-06-29,245.76890862379003,248.30893253223778,245.48136983292093,246.33860711281565,1091498
2025-06-30,249.30663557929662,251.75611654661785,247.41726916132671,249.850142397832,898906
2025-07-01,253.89502490877936,257.0161398367542,253.43945380247993,255.054544889323,1012183
2025-07-02,250.74034574673215,251.98924443047073,249.89070168114478,251.3682572949538,832692
2025-07-03,251.71914431817038,253.789764438159,250.72759045497983,252.6586675566488,998208
2025-07-04,247.4597078249729,249.6322879776755,246.27600927474634,248.52283029119062,1102569
2025-07-05,248.4354633911366,249.65368592804904,246.65498193034637,249.4420509639413,891095
2025-07-06,254.14076891552878,257.06545216238146,252.79808426021057,255.12965581588307,1062713
2025-07-07,256.53631140998317,257.3974895225157,255.0779326308559,256.78442419056626,1051640
2025-07-08,256.1683620857429,257.8786290785928,254.1863590813715,256.6758985023636,1017872
2025-07-09,253.8754391056373,254.74825403543076,252.81806725100347,254.1266188766134,955285
2025-07-10,252.98973722192983,253.3146716792484,252.02927883507172,253.01237753106193,843852
2025-07-11,251.99244541829938,253.0306838828177,250.56642307970054,252.28846454402455,884248
2025-07-12,251.99485047947653,252.7487357251639,250.61333068632223,252.17420197455974,1194592
2025-07-13,252.02725300744325,254.12919920767624,250.3060656173384,253.88029404839213,812106
2025-07-14,252.69913102706124,254.053595899906,251.64960368130966,252.9531300167228,1010560
2025-07-15,256.4817943124712,260.21283757903495,254.66668554818045,258.37267433448676,955703
2025-07-16,255.1381351912495,255.80851192342666,254.34565722246347,255.20995566519176,933186
2025-07-17,255.08397888141766,257.1366860588219,254.02918122741724,256.12871035191733,897940
2025-07-18,249.9077247547364,251.07933511262945,248.66798969826004,250.3768840864297,1081136
2025-07-19,257.8403731883837,258.22633639980637,256.0790865791761,258.14038898506067,823757
2025-07-20,254.94765320118276,255.23455794382505,254.02224583294708,255.02830450263997,1138786
2025-07-21,258.09773850038613,259.53753710667945,256.453004424228,258.64951717282594,832929
2025-07-22,253.34349687579413,255.62607239567643,251.6535952655487,254.29085759890702,845532
2025-07-23,256.03060837306884,257.6045650470803,254.9686580059263,257.20410494960515,1004549
2025-07-24,257.87310277535613,260.98986651858223,256.38546691298023,259.7240123731437,1047959
2025-07-25,258.12478354149556,260.1784777112478,257.07174837354955,259.01055465835555,901626
2025-07-26,262.6335068457521,263.9141366228018,262.5109671866129,263.3348911567911,1018803
2025-07-27,259.461877222162,260.2647180594245,258.3326774723005,259.8074634095342,897563
2025-07-28,258.3505586255469,259.3011787209058,257.67453828908225,259.2445845642986,1018843
2025-07-29,254.12676308243724,255.28553674512037,252.64788568207996,255.17765519554692,1116477
2025-07-30,257.86355567056614,258.64288953587965,257.1091893146913,258.1975483602349,878226
2025-07-31,260.9987621126352,262.1747505789807,260.02226702878244,261.6410208825814,977478
2025-08-01,260.56808180234043,263.8388011610843,260.3964258281951,262.3778645307382,908067
2025-08-02,262.30251747921915,264.3055945526092,262.1166039991171,262.7630505754793,1128467
2025-08-03,257.5533871346654,259.4953814817263,257.4236966762781,258.36910720146494,816188
2025-08-04,263.3631572363266,265.61107835360065,261.9337085182161,263.9878848313041,847865
2025-08-05,261.3621359608143,263.98686136492364,260.7956135815569,262.3733309542136,1153600
2025-08-06,257.6154997699724,259.63088512557806,257.6131183443665,259.0546768229194,1072877
2025-08-07,261.8340073308457,262.60386171720455,259.96787815466377,262.33417500316244,1082931
2025-08-08,262.7690188095717,264.07330318047093,261.8240197694993,262.95368907793886,1013681
2025-08-09,260.8542366676302,261.6896325359296,260.6029169657135,261.0819488636229,814869
2025-08-10,261.02918039588485,261.8966829806855,260.692376762744,261.38524966421465,897413
2025-08-11,260.5831081605345,262.5449927225278,259.7944161040682,261.6167228160638,1006364
2025-08-12,262.6093142545387,264.0523327021252,261.52704657428797,263.8012197309255,1151284
2025-08-13,263.6099267603426,266.59075074480336,261.9453314383552,264.7356333461616,1169585
2025-08-14,262.95535369864746,264.79014367458433,261.73759032709734,264.0563389340113,1195936
2025-08-15,260.56792211902746,262.3056639525673,260.5352293618011,261.2631097056226,1167920
2025-08-16,265.44600504970293,265.9805426330706,263.542261948388,265.8154475294093,828865
2025-08-17,261.0628434770018,263.1576873381867,259.09727252760916,262.3870320646721,1042240
2025-08-18,264.22331945809987,265.43859113421206,263.0739754132829,265.28281228635046,898348
2025-08-19,262.60992598431983,264.72352875606185,262.16327225324244,263.01504924303083,1149665
2025-08-20,256.90572270232417,260.04059963694516,256.02923316282397,258.5109106319901,1178267
2025-08-21,262.476119885316,265.9248594328314,262.0417360347727,264.2898500080328,885505
2025-08-22,262.991973705238,265.81757815805247,261.20800694989066,264.4639929392487,942224
2025-08-23,264.13977905137153,266.17516167020915,262.8815987207649,264.19215235356006,1027550
2025-08-24,263.1349107971933,264.54550039972514,261.63705459239276,264.1931412325712,1008140
2025-08-25,263.1988286993047,266.2320814971018,261.3096955443729,264.6802788804191,1005338
2025-08-26,265.0586494525932,267.7954291268775,263.85435410913976,265.8658938628893,892449
2025-08-27,261.58695264529155,264.9040719307011,260.64549599135336,262.9586588476385,888651
2025-08-28,261.95837579740606,263.85050295957734,261.13551930958675,262.94431112719906,1082781
2025-08-29,260.1458088432187,262.9961953002715,258.4230722313553,261.47091064342175,1122115
2025-08-30,262.3330868595913,262.98595601303174,261.4257979172553,262.7777040115959,878810
2025-08-31,260.06521300731083,262.8101344416647,259.4539604167738,262.0450925986699,1153448
2025-09-01,261.8802142258537,264.9498505824252,261.5435128183229,263.43446637801924,824560
2025-09-02,261.24830839557234,262.17269275570374,260.51160645895965,261.6789972936022,1010564
2025-09-03,261.3857613024193,262.748662645599,259.49568154379176,262.24100234575695,1179483
2025-09-04,263.9655086967551,266.4638835399413,262.1142549819207,264.9906964632217,894770
2025-09-05,261.513729516677,263.3628255768977,259.53216349991135,262.42770168855526,1054557
2025-09-06,264.9106679180154,267.0429940444738,264.472545679157,266.02610278836875,1111141
2025-09-07,259.26735504703794,262.8620852835894,258.80219702329947,260.9272521504194,982147
2025-09-08,262.3754418749207,264.8266722876354,261.01546390502904,263.24592173892245,1175245
2025-09-09,262.7154233753688,264.3917816322731,261.5339629422162,262.9601958134437,841513
2025-09-10,259.3641007894808,262.0436675669733,259.00610491351387,260.9843990315845,1039018
2025-09-11,265.54711547974335,267.27127669724,263.97433061212433,266.09507264117667,971413
2025-09-12,259.0998210263304,261.45394246844603,258.9730204101364,260.8835021469254,801815
2025-09-13,262.45249494840436,265.41807359263896,260.95820936359644,264.43997175774336,915186
2025-09-14,262.1776129068816,264.17612265447866,260.4582185360698,263.98400256814546,1154239
