strategy_id,strategy,stop_loss_percent,initial_cash,total_return_pct,annualized_return_pct,max_drawdown_pct,sharpe_ratio,payoff_ratio,win_rate_pct,closed_trades,final_equity,pnl_cash,open_positions,wins,losses
macd_zero_axis,日线零轴金叉,1,250000.0,-3.863249134399993,-8.135759974119539,18.102930412395523,-0.1965355095123563,6.235955677105721,11.688311688311687,77,240341.877164,-9658.122835999995,4,9,68
macd_zero_axis,日线零轴金叉,2,250000.0,-6.609008308799991,-13.693896331619104,17.75421331475148,-0.472486423589735,5.669159086538149,11.666666666666666,60,233477.479228,-16522.52077199999,4,7,53
macd_zero_axis,日线零轴金叉,3,250000.0,-12.79701008519999,-25.541594378049247,18.515650433914974,-1.1020841814440174,3.454778547613091,12.76595744680851,47,218007.474787,-31992.525212999986,4,6,41
macd_zero_axis,日线零轴金叉,4,250000.0,-4.101321347199994,-8.625042378930681,16.19201754968489,-0.21941253243290312,2.5926400566524634,19.35483870967742,31,239746.696632,-10253.303367999993,4,6,25
macd_zero_axis,日线零轴金叉,5,250000.0,-12.472842549999996,-24.944150461741522,20.779984008076756,-0.9810948457566631,2.2587169076621785,18.75,32,218817.893625,-31182.106375000003,4,6,26
macd_zero_axis,日线零轴金叉,6,250000.0,-12.012777468000003,-24.09185336083737,19.917487745286454,-1.0493481491090604,2.24279199525772,20.833333333333336,24,219968.05633,-30031.943670000008,4,5,19
macd_zero_axis,日线零轴金叉,7,250000.0,-13.750664871200001,-27.284368190953746,21.692333992054163,-1.003662131672431,1.7329058647213493,24.0,25,215623.337822,-34376.662178,4,6,19
macd_zero_axis,日线零轴金叉,8,250000.0,-7.674518436,-15.800789006774508,20.866249813679744,-0.5001509041693581,1.7937635980887603,26.08695652173913,23,230813.70391,-19186.29608999999,4,6,17
macd_zero_axis,日线零轴金叉,9,250000.0,-8.530266657999997,-17.472725051892233,23.77321135570716,-0.5534829107631156,1.6612333594408466,31.57894736842105,19,228674.333355,-21325.66664499999,4,6,13
macd_zero_axis,日线零轴金叉,10,250000.0,2.5748006535999846,5.628212297868007,16.284872594768878,0.33170177131421813,1.9130067664188086,36.84210526315789,19,256437.001634,6437.001633999986,4,7,12
yearline_pullback,年线趋势,1,250000.0,-6.770517654800001,-14.01505184132079,14.899272681599996,-0.48229514200224993,11.093859664161563,6.25,80,233073.705863,-16926.29413699999,2,5,75
yearline_pullback,年线趋势,2,250000.0,-8.680895407599998,-17.765160407143156,13.176877904399998,-0.8369668806723556,7.671476271383202,8.47457627118644,59,228297.761481,-21702.238519000006,4,5,54
yearline_pullback,年线趋势,3,250000.0,2.3711000604,5.1769298767677,17.220753578399993,0.31767847130549587,5.124201588462029,16.27906976744186,43,255927.750151,5927.750150999986,4,7,36
yearline_pullback,年线趋势,4,250000.0,-14.667065896800002,-28.938245903258185,20.494433460800003,-1.4908841745917616,2.9385542419835753,15.384615384615385,39,213332.335258,-36667.66474199999,4,6,33
yearline_pullback,年线趋势,5,250000.0,-4.7571224279999935,-9.96559904317701,19.579653618000005,-0.33581730460988046,2.613981823128982,21.875,32,238107.19393,-11892.806069999991,4,7,25
yearline_pullback,年线趋势,6,250000.0,-7.7523295012000055,-15.953556612710862,17.575715041600006,-0.550577816469278,2.497757356014503,21.428571428571427,28,230619.176247,-19380.823753000004,4,6,22
yearline_pullback,年线趋势,7,250000.0,-12.995825592400001,-25.90674810594956,20.488434760800004,-1.1686697923086677,2.1219618792273263,22.22222222222222,27,217510.436019,-32489.563981000014,4,6,21
yearline_pullback,年线趋势,8,250000.0,-11.657039029999993,-23.42929171637673,18.969816875199996,-0.899888548408877,1.67210999595011,26.08695652173913,23,220857.402425,-29142.597574999993,4,6,17
yearline_pullback,年线趋势,9,250000.0,-12.351750203599998,-24.720319779534883,19.8244859804,-1.0712956083952023,1.714841396057783,26.08695652173913,23,219120.624491,-30879.375509000005,4,6,17
yearline_pullback,年线趋势,10,250000.0,-16.754216984000003,-32.62907307177504,22.847762132000003,-1.2988363592288306,1.7621799630187673,25.0,24,208114.45754,-41885.54246,4,6,18
macd_divergence,零轴＋底背离,1,250000.0,-4.537879265599997,-9.518613832378698,11.388300522349576,-0.3507300465527848,8.614473921242151,7.4074074074074066,27,238655.301836,-11344.698164000001,1,2,25
macd_divergence,零轴＋底背离,2,250000.0,-7.707089096800002,-15.864753548216514,12.635264867999998,-0.692185439885919,7.2453190897599065,7.4074074074074066,27,230732.277258,-19267.722742000013,1,2,25
macd_divergence,零轴＋底背离,3,250000.0,-9.628918253600006,-19.592924533344892,15.67322239647664,-0.61900108675387,4.368617096634218,11.11111111111111,27,225927.704366,-24072.29563400001,1,3,24
macd_divergence,零轴＋底背离,4,250000.0,-10.543072844800005,-21.334565011418285,15.065444464413439,-0.7419235664054162,3.7617893958190014,12.0,25,223642.317888,-26357.68211200001,2,3,22
macd_divergence,零轴＋底背离,5,250000.0,-6.830270146400008,-14.133704985235374,13.662498861999998,-0.5042746150653508,2.7848089585385676,18.181818181818183,22,232924.324634,-17075.67536600001,3,4,18
macd_divergence,零轴＋底背离,6,250000.0,-4.2009539628000026,-8.829390383742396,12.294334768158205,-0.27109141162430683,2.8043975994120656,20.0,20,239497.615093,-10502.384907,3,4,16
macd_divergence,零轴＋底背离,7,250000.0,-6.500268746399995,-13.477310304267998,12.770078974119595,-0.4844686476438788,2.51208791527723,20.0,20,233749.328134,-16250.67186599999,3,4,16
macd_divergence,零轴＋底背离,8,250000.0,-10.153119138400001,-20.594126883620167,17.59085369638928,-0.6533204692480771,2.294819325697357,19.047619047619047,21,224617.202154,-25382.797846,3,4,17
macd_divergence,零轴＋底背离,9,250000.0,-11.9910083264,-24.0513970060498,17.98505563582095,-0.7970515583141909,2.140477045347635,19.047619047619047,21,220022.479184,-29977.520816000004,3,4,17
macd_divergence,零轴＋底背离,10,250000.0,-14.093200188800004,-27.904945736689225,19.245573056000005,-0.9714649072838814,1.9654431235707233,19.047619047619047,21,214766.999528,-35233.000472000014,3,4,17
